start_date,status,days_taken,final_balance,net_profit,max_dd_from_peak,best_day
2025-09-11,PASS,5,54396.5,4396.5,1346.5000000000146,2466.5
2025-09-12,PASS,4,54401.499999999985,4401.499999999985,1346.5000000000146,2466.5
2025-09-15,PASS,8,59753.999999999956,9753.999999999956,1346.5000000000146,7412.5
2025-09-16,PASS,7,59317.999999999956,9317.999999999956,1346.5000000000146,7412.5
2025-09-17,PASS,6,59390.99999999997,9390.99999999997,1273.5,7412.5
2025-09-18,PASS,5,57818.99999999997,7818.999999999971,882.5,7412.5
2025-09-19,PASS,4,57525.5,7525.5,882.5,7412.5
2025-09-22,PASS,3,58058.5,8058.5,349.5,7412.5
2025-09-23,PASS,2,58408.0,8408.0,219.5,7412.5
2025-09-25,PASS,1,57412.5,7412.5,219.5,7412.5
2025-09-26,FAIL,2,47863.0,-2137.0,2137.0,-1897.5
2025-09-29,PASS,2,53070.99999999997,3070.999999999971,893.5,2993.499999999971
2025-09-30,FAIL,3,47805.0,-2195.0,2272.5,77.5
2025-10-01,FAIL,2,47727.5,-2272.5,2272.5,-454.0
2025-10-02,FAIL,2,47802.5,-2197.5,2197.5,-1913.0
2025-10-03,FAIL,2,47783.0,-2217.0,2217.0,-1353.5
2025-10-06,FAIL,4,46763.5,-3236.5,3236.5,-264.5
2025-10-08,FAIL,3,47627.0,-2373.0,2373.0,-264.5
2025-10-09,FAIL,2,47926.5,-2073.5,2073.5,-264.5
2025-10-10,FAIL,2,47981.5,-2018.5,2018.5,-1809.0
2025-10-13,PASS,3,53958.50000000003,3958.500000000029,844.0,2336.0
2025-10-14,FAIL,6,49921.0,-79.0,2176.5,2336.0
2025-10-15,FAIL,5,49510.0,-490.0,2826.0,2336.0
2025-10-16,FAIL,2,47932.5,-2067.5,2067.5,-1703.0
2025-10-17,PASS,4,57984.0,7984.0,1333.5,9111.5
2025-10-20,PASS,3,58348.5,8348.5,1333.5,9111.5
2025-10-21,PASS,2,57778.0,7778.0,1333.5,9111.5
2025-10-22,PASS,1,59111.5,9111.5,0.0,9111.5
2025-10-23,FAIL,3,47963.0,-2037.0,2037.0,-864.0
2025-10-24,FAIL,3,47823.5,-2176.5,2176.5,-519.0
2025-10-27,FAIL,4,47585.0,-2415.0,2415.0,-63.5
2025-10-28,FAIL,3,47594.5,-2405.5,2405.5,-63.5
2025-10-29,FAIL,2,47829.0,-2171.0,2171.0,-63.5
2025-10-30,FAIL,1,47892.5,-2107.5,2107.5,0.0
2025-10-31,PASS,5,53017.999999999985,3017.9999999999854,1704.0000000000146,2921.5
2025-11-03,PASS,10,62408.50000000006,12408.500000000058,1704.0000000000146,10185.5
2025-11-04,PASS,9,62818.00000000006,12818.000000000058,1294.5000000000146,10185.5
2025-11-05,PASS,8,63071.00000000006,13071.000000000058,1041.5000000000146,10185.5
2025-11-06,PASS,6,53489.00000000006,3489.000000000058,914.0,1415.0000000000437
2025-11-07,PASS,6,62312.00000000007,12312.000000000073,914.0,10185.5
2025-11-10,PASS,5,62696.50000000007,12696.500000000073,529.5,10185.5
2025-11-11,PASS,3,53040.50000000007,3040.5000000000728,324.5,1415.0000000000437
2025-11-12,PASS,3,62336.500000000044,12336.500000000044,324.5,10185.5
2025-11-13,PASS,2,60921.5,10921.5,324.5,10185.5
2025-11-14,PASS,1,60185.5,10185.5,0.0,10185.5
2025-11-17,PASS,4,53909.49999999997,3909.499999999971,1158.5,1822.999999999971
2025-11-18,PASS,3,53616.49999999997,3616.499999999971,1158.5,1822.999999999971
2025-11-19,FAIL,3,49446.0,-554.0,2347.5,1151.5
2025-11-20,FAIL,2,48804.0,-1196.0,2347.5,1151.5
2025-11-21,FAIL,1,47652.5,-2347.5,2347.5,0.0
2025-11-24,PASS,6,56132.000000000044,6132.000000000044,973.5,5214.500000000029
2025-11-25,PASS,5,55822.00000000003,5822.000000000029,973.5,5214.500000000029
2025-11-26,PASS,4,56366.00000000003,6366.000000000029,429.5,5214.500000000029
2025-11-27,PASS,3,56795.50000000003,6795.500000000029,0.0,5214.500000000029
2025-11-28,PASS,2,56610.00000000003,6610.000000000029,0.0,5214.500000000029
2025-12-01,PASS,1,55214.50000000003,5214.500000000029,0.0,5214.500000000029
2025-12-02,PASS,5,56318.49999999997,6318.499999999971,1542.5,4736.0
2025-12-03,PASS,1,53100.5,3100.5,0.0,3100.5
2025-12-04,PASS,3,53729.0,3729.0,1542.5,4736.0
2025-12-05,PASS,2,54582.5,4582.5,689.0,4736.0
2025-12-08,PASS,1,54736.0,4736.0,0.0,4736.0
2025-12-09,FAIL,4,49666.5,-333.5,3299.5,2966.0
2025-12-10,FAIL,2,47207.5,-2792.5,2792.5,-1923.0
2025-12-11,PASS,5,53760.50000000003,3760.500000000029,1715.0,3262.5
2025-12-15,PASS,3,53322.50000000003,3322.500000000029,942.5,3262.5
2025-12-16,PASS,1,53262.5,3262.5,559.0,3262.5
2025-12-17,PASS,4,53274.00000000006,3274.000000000058,0.0,1221.5
2025-12-18,PASS,4,54058.00000000003,4058.000000000029,569.5,1227.5
2025-12-19,PASS,4,54850.500000000015,4850.500000000015,569.5,2002.9999999999854
2025-12-22,PASS,3,54451.999999999985,4451.999999999985,569.5,2002.9999999999854
2025-12-23,PASS,2,53230.499999999985,3230.4999999999854,569.5,2002.9999999999854
2025-12-26,PASS,5,59769.0,9769.0,684.0,6871.0
2025-12-29,PASS,4,57766.000000000015,7766.000000000015,684.0,6871.0
2025-12-30,PASS,3,57676.499999999985,7676.499999999985,684.0,6871.0
2025-12-31,PASS,2,57167.5,7167.5,219.5,6871.0
2026-01-02,PASS,1,56871.0,6871.0,0.0,6871.0
2026-01-05,FAIL,4,47822.499999999985,-2177.5000000000146,2177.5000000000146,470.5
2026-01-06,PASS,4,58204.499999999956,8204.499999999956,1160.0000000000146,6290.5
2026-01-07,PASS,3,58675.99999999997,8675.99999999997,1159.0,6290.5
2026-01-08,PASS,2,58205.49999999997,8205.49999999997,1159.0,6290.5
2026-01-09,PASS,1,56290.5,6290.5,0.0,6290.5
2026-01-12,PASS,3,55387.500000000015,5387.500000000015,808.5,5221.0
2026-01-13,PASS,2,55582.000000000015,5582.000000000015,614.0,5221.0
2026-01-14,PASS,1,55221.0,5221.0,0.0,5221.0
2026-01-15,FAIL,4,47995.0,-2005.0,2005.0,-18.0
2026-01-16,FAIL,4,47934.5,-2065.5,2065.5,-18.0
2026-01-19,FAIL,3,47952.5,-2047.5,2047.5,-549.0
2026-01-20,FAIL,2,47767.5,-2232.5,2232.5,-1164.0
2026-01-21,PASS,3,54073.00000000003,4073.000000000029,1928.0,2640.000000000029
2026-01-22,PASS,2,55141.50000000003,5141.500000000029,859.5,2640.000000000029
2026-01-23,PASS,4,53688.500000000015,3688.5000000000146,928.5,2501.5
2026-01-26,PASS,5,55055.000000000015,5055.000000000015,928.5,4492.0
2026-01-27,PASS,4,54575.5,4575.5,928.5,4492.0
2026-01-28,PASS,3,55504.0,5504.0,628.5,4492.0
2026-01-29,PASS,2,53868.0,3868.0,628.5,4492.0
2026-01-30,PASS,1,54492.0,4492.0,4.5,4492.0
2026-02-02,PASS,5,57565.000000000015,7565.000000000015,514.0,6937.0
2026-02-03,PASS,4,56809.000000000015,6809.000000000015,514.0,6937.0
2026-02-05,PASS,3,56767.500000000015,6767.500000000015,514.0,6937.0
2026-02-06,PASS,2,57281.500000000015,7281.500000000015,0.0,6937.0
2026-02-09,PASS,1,56937.0,6937.0,0.0,6937.0
2026-02-10,PASS,1,53074.49999999997,3074.499999999971,0.0,3074.499999999971
2026-02-11,FAIL,4,47797.500000000015,-2202.4999999999854,2202.4999999999854,659.5000000000146
2026-02-13,PASS,3,54122.500000000015,4122.500000000015,1628.4999999999854,4337.0
2026-02-16,PASS,2,54996.500000000015,4996.500000000015,1414.0,4337.0
2026-02-17,PASS,1,54337.0,4337.0,1414.0,4337.0
2026-02-18,FAIL,3,48817.5,-1182.5,2354.5,1936.0
2026-02-19,FAIL,2,49581.5,-418.5,2354.5,1936.0
2026-02-20,FAIL,1,47645.5,-2354.5,2354.5,0.0
2026-02-23,PASS,1,55395.5,5395.5,0.0,5395.5
2026-02-24,FAIL,3,47857.00000000003,-2142.999999999971,2142.999999999971,-450.4999999999709
2026-02-25,PASS,3,55318.50000000003,5318.500000000029,1692.5,4072.4999999999854
2026-02-26,PASS,1,54072.499999999985,4072.4999999999854,349.5,4072.4999999999854
2026-02-27,PASS,2,54054.500000000044,4054.5000000000437,0.0,2589.000000000043
2026-03-02,FAIL,2,49213.0,-787.0,2252.5,1465.5
2026-03-03,FAIL,1,47747.5,-2252.5,2252.5,0.0
2026-03-04,PASS,2,54782.5,4782.5,559.5,4051.5
2026-03-05,PASS,1,54051.5,4051.5,224.5,4051.5
2026-03-06,PASS,1,57486.50000000003,7486.500000000029,0.0,7486.500000000029
2026-03-09,PASS,1,55415.5,5415.5,0.0,5415.5
2026-03-10,PASS,1,55122.0,5122.0,0.0,5122.0
2026-03-11,FAIL,4,48024.0,-1976.0,2003.0,27.0
2026-03-12,FAIL,3,47997.0,-2003.0,2003.0,-249.5
2026-03-13,PASS,5,53449.50000000003,3449.500000000029,1757.0,3462.0
2026-03-16,PASS,4,53699.00000000003,3699.000000000029,1507.5,3462.0
2026-03-17,PASS,3,54697.00000000003,4697.000000000029,509.5,3462.0
2026-03-18,PASS,2,53242.5,3242.5,219.5,3462.0
2026-03-19,PASS,1,53462.0,3462.0,0.0,3462.0
2026-03-20,PASS,4,53438.99999999997,3438.999999999971,1561.5,3201.5
2026-03-23,PASS,3,53847.49999999997,3847.499999999971,1153.0,3201.5
2026-03-24,PASS,1,53201.5,3201.5,294.5,3201.5
2026-03-25,FAIL,5,49265.999999999956,-734.0000000000437,2238.5000000000146,1504.499999999971
2026-03-26,FAIL,4,47761.499999999985,-2238.5000000000146,2238.5000000000146,-504.0
2026-03-27,FAIL,4,47670.999999999985,-2329.0000000000146,2329.0000000000146,-329.5
2026-03-30,FAIL,7,49984.999999999956,-15.000000000043656,2103.0,2072.999999999971
2026-03-31,FAIL,7,49718.49999999997,-281.5000000000291,3266.0,2072.999999999971
2026-04-01,PASS,3,53071.49999999997,3071.499999999971,599.0,2072.999999999971
2026-04-02,PASS,3,53172.49999999997,3172.499999999971,1158.5,2072.999999999971
2026-04-06,FAIL,3,48996.5,-1003.5,2103.0,857.0
2026-04-07,FAIL,2,48139.5,-1860.5,2103.0,242.5
2026-04-08,FAIL,1,47897.0,-2103.0,2103.0,0.0
2026-04-09,PASS,7,53013.000000000015,3013.0000000000146,2193.9999999999854,2847.0
2026-04-10,PASS,4,53255.0,3255.0,439.0,2847.0
2026-04-13,PASS,3,53133.5,3133.5,234.5,2847.0
2026-04-14,PASS,4,53094.500000000015,3094.5000000000146,2193.9999999999854,2847.0
2026-04-15,PASS,3,53329.000000000015,3329.0000000000146,2193.9999999999854,2847.0
2026-04-16,FAIL,1,47806.000000000015,-2193.9999999999854,2193.9999999999854,0.0
2026-04-17,PASS,4,54199.000000000015,4199.000000000015,1314.0,3280.5
2026-04-20,PASS,3,53708.500000000015,3708.5000000000146,1314.0,3280.5
2026-04-21,PASS,3,54278.500000000015,4278.500000000015,1558.5,3280.5
2026-04-22,PASS,1,53280.5,3280.5,0.0,3280.5
2026-04-23,FAIL,6,49584.500000000015,-415.49999999998545,3172.0,2516.5
2026-04-24,FAIL,4,49026.000000000015,-973.9999999999854,2438.0,2516.5
2026-04-28,FAIL,3,49800.000000000015,-199.99999999998545,2742.5,2516.5
2026-04-29,FAIL,2,47588.000000000015,-2411.9999999999854,2438.0,26.000000000014552
2026-04-30,FAIL,1,47562.0,-2438.0,2438.0,0.0
2026-05-01,FAIL,5,49042.999999999985,-957.0000000000146,2002.0,411.5
2026-05-04,FAIL,4,48741.0,-1259.0,2002.0,411.5
2026-05-05,FAIL,3,48409.5,-1590.5,2002.0,411.5
2026-05-06,FAIL,2,47998.0,-2002.0,2002.0,-1333.5
2026-05-07,FAIL,6,48359.999999999985,-1640.0000000000146,2007.0,606.5
2026-05-11,FAIL,5,48471.999999999985,-1528.0000000000146,2007.0,606.5
2026-05-12,FAIL,4,48599.5,-1400.5,2007.0,606.5
2026-05-13,FAIL,3,47993.0,-2007.0,2007.0,56.5
2026-05-14,PASS,6,54470.499999999985,4470.499999999985,1998.0,2241.5000000000146
2026-05-15,PASS,5,54413.999999999985,4413.999999999985,1998.0,2241.5000000000146
2026-05-18,PASS,9,54671.499999999985,4671.499999999985,1998.0,2241.5000000000146
2026-05-20,PASS,3,53875.499999999985,3875.4999999999854,1044.5,2241.5000000000146
2026-05-21,PASS,2,54287.500000000015,4287.500000000015,254.5,2241.5000000000146
2026-05-22,PASS,6,53795.5,3795.5,1717.0,2199.0
2026-05-25,PASS,6,58457.499999999985,8457.499999999985,1717.0,6707.999999999985
2026-05-26,PASS,5,59330.999999999985,9330.999999999985,1666.0,6707.999999999985
2026-05-27,PASS,4,58508.499999999985,8508.499999999985,1666.0,6707.999999999985
2026-05-28,PASS,3,59027.999999999985,9027.999999999985,1267.5,6707.999999999985
2026-05-29,PASS,2,58906.999999999985,8906.999999999985,1267.5,6707.999999999985
2026-06-01,PASS,1,56707.999999999985,6707.999999999985,0.0,6707.999999999985
2026-06-02,PASS,3,58489.49999999993,8489.499999999927,1048.0,8452.99999999997
2026-06-03,PASS,2,59098.49999999993,9098.499999999927,439.0,8452.99999999997
2026-06-04,PASS,1,58452.99999999997,8452.99999999997,0.0,8452.99999999997
2026-06-05,PASS,2,53348.0,3348.0,1023.5,4371.5
2026-06-08,PASS,1,54371.5,4371.5,0.0,4371.5
2026-06-09,FAIL,2,47012.0,-2988.0,2988.0,-234.5
2026-06-10,FAIL,1,47246.5,-2753.5,2753.5,0.0
2026-06-12,PASS,1,57276.5,7276.5,904.5,7276.5
2026-06-16,PASS,1,58020.5,8020.5,0.0,8020.5
2026-06-17,PASS,2,58077.500000000015,8077.500000000015,219.5,6705.000000000015
2026-06-18,PASS,1,56705.000000000015,6705.000000000015,0.0,6705.000000000015
2026-06-19,FAIL,2,47262.0,-2738.0,2738.0,-148.5
2026-06-22,FAIL,1,47410.5,-2589.5,2589.5,0.0
2026-06-23,FAIL,2,47527.0,-2473.0,2473.0,-1073.5
2026-06-24,FAIL,1,47511.0,-2489.0,2489.0,0.0
2026-06-25,FAIL,1,47640.5,-2359.5,2359.5,0.0
2026-06-26,PASS,1,61127.0,11127.0,0.0,11127.0
2026-06-29,FAIL,5,49504.0,-496.0,2427.5,2151.0
2026-07-01,FAIL,4,49723.5,-276.5,2427.5,2151.0
2026-07-02,FAIL,3,47572.5,-2427.5,2427.5,45.50000000000001
2026-07-03,PASS,7,56625.99999999997,6625.999999999971,1889.5000000000146,4591.0
2026-07-06,PASS,6,56580.49999999997,6580.499999999971,1889.5000000000146,4591.0
2026-07-07,PASS,5,55328.99999999997,5328.999999999971,1889.5000000000146,4591.0
2026-07-08,PASS,4,56876.49999999997,6876.499999999971,544.5,4591.0
2026-07-09,PASS,3,56673.999999999985,6673.999999999985,544.5,4591.0
2026-07-10,PASS,2,55612.999999999985,5612.999999999985,0.0,4591.0
2026-07-13,PASS,1,54591.0,4591.0,0.0,4591.0
2026-07-14,FAIL,2,47727.5,-2272.5,2272.5,-999.0
2026-07-15,PASS,3,59122.999999999956,9122.999999999956,1987.0,10655.499999999956
2026-07-16,PASS,2,60396.499999999956,10396.499999999956,713.5,10655.499999999956
2026-07-17,PASS,1,60655.499999999956,10655.499999999956,454.5,10655.499999999956
2026-07-20,FAIL,4,49498.5,-501.5,2222.0,1368.5
2026-07-21,FAIL,3,48130.0,-1870.0,2222.0,701.0
2026-07-22,FAIL,2,48479.0,-1521.0,2222.0,701.0
2026-07-24,FAIL,1,47778.0,-2222.0,2222.0,0.0
2026-07-27,PASS,2,55241.5,5241.5,1129.0,6136.0
2026-07-28,PASS,1,56136.0,6136.0,234.5,6136.0
2026-07-29,FAIL,6,47857.49999999997,-2142.500000000029,2142.500000000029,740.5
2026-07-30,PASS,7,53935.50000000003,3935.500000000029,1932.0,3419.500000000029
2026-07-31,PASS,6,53279.50000000003,3279.500000000029,1932.0,3419.500000000029
2026-08-03,PASS,4,53216.50000000003,3216.500000000029,943.5,3419.500000000029
2026-08-04,PASS,4,54268.00000000003,4268.000000000029,943.5,3419.500000000029
2026-08-05,PASS,2,53095.00000000003,3095.000000000029,324.5,3419.500000000029
2026-08-06,PASS,1,53419.50000000003,3419.500000000029,0.0,3419.500000000029
2026-08-07,PASS,3,56736.0,6736.0,854.5,4711.5
2026-08-10,PASS,2,54944.0,4944.0,474.0,4711.5
2026-08-11,PASS,1,54711.5,4711.5,0.0,4711.5
2026-08-12,PASS,5,60152.500000000044,10152.500000000044,344.5,8681.000000000015
2026-08-13,PASS,4,60482.000000000044,10482.000000000044,344.5,8681.000000000015
2026-08-17,PASS,3,59371.500000000044,9371.500000000044,344.5,8681.000000000015
2026-08-18,PASS,2,59716.000000000044,9716.000000000044,0.0,8681.000000000015
2026-08-19,PASS,1,58681.000000000015,8681.000000000015,0.0,8681.000000000015
2026-08-20,PASS,8,55301.99999999997,5301.999999999971,2090.5000000000146,3053.999999999971
2026-08-21,FAIL,5,47909.499999999985,-2090.5000000000146,2090.5000000000146,741.5000000000141
2026-08-24,PASS,6,54040.49999999994,4040.499999999942,1848.500000000029,3053.999999999971
2026-08-25,PASS,5,53298.99999999993,3298.9999999999272,1848.500000000029,3053.999999999971
2026-08-26,PASS,4,53672.49999999993,3672.4999999999272,1475.000000000029,3053.999999999971
2026-08-27,PASS,3,54747.999999999956,4747.999999999956,1078.5,3053.999999999971
2026-08-28,FAIL,4,49909.49999999997,-90.5000000000291,2841.5,3053.999999999971
2026-08-31,PASS,1,53053.99999999997,3053.999999999971,0.0,3053.999999999971
2026-09-01,FAIL,2,47873.0,-2127.0,2127.0,-1308.5
2026-09-02,FAIL,5,47651.00000000003,-2348.999999999971,2348.999999999971,651.0
2026-09-03,FAIL,5,48599.50000000003,-1400.499999999971,2398.5,651.0
2026-09-04,FAIL,4,47948.50000000003,-2051.499999999971,2398.5,611.0
2026-09-07,FAIL,3,48212.5,-1787.5,2398.5,611.0
2026-09-08,FAIL,2,47601.5,-2398.5,2398.5,-1814.0
2026-09-09,PASS,1,53416.00000000003,3416.000000000029,894.0,3416.000000000029
2026-09-10,IN_PROGRESS,1,49155.5,-844.5,844.5,-844.5
