account_id,start_date,end_date,status,days_traded,final_balance,net_profit,max_dd_from_peak,best_day
1,2025-09-11,2025-09-17,PASS,5,54396.5,4396.5,1346.5000000000146,2466.5
2,2025-09-18,2025-09-25,PASS,5,57818.99999999997,7818.999999999971,882.5,7412.5
3,2025-09-26,2025-09-29,FAIL,2,47863.0,-2137.0,2137.0,-1897.5
4,2025-09-30,2025-10-02,FAIL,3,47805.0,-2195.0,2272.5,77.5
5,2025-10-03,2025-10-06,FAIL,2,47783.0,-2217.0,2217.0,-1353.5
6,2025-10-08,2025-10-10,FAIL,3,47627.0,-2373.0,2373.0,-264.5
7,2025-10-13,2025-10-15,PASS,3,53958.50000000003,3958.500000000029,844.0,2336.0
8,2025-10-16,2025-10-17,FAIL,2,47932.5,-2067.5,2067.5,-1703.0
9,2025-10-20,2025-10-22,PASS,3,58348.5,8348.5,1333.5,9111.5
10,2025-10-23,2025-10-27,FAIL,3,47963.0,-2037.0,2037.0,-864.0
11,2025-10-28,2025-10-30,FAIL,3,47594.5,-2405.5,2405.5,-63.5
12,2025-10-31,2025-11-06,PASS,5,53017.999999999985,3017.9999999999854,1704.0000000000146,2921.5
13,2025-11-07,2025-11-14,PASS,6,62312.00000000007,12312.000000000073,914.0,10185.5
14,2025-11-17,2025-11-20,PASS,4,53909.49999999997,3909.499999999971,1158.5,1822.999999999971
15,2025-11-21,2025-11-21,FAIL,1,47652.5,-2347.5,2347.5,0.0
16,2025-11-24,2025-12-01,PASS,6,56132.000000000044,6132.000000000044,973.5,5214.500000000029
17,2025-12-02,2025-12-08,PASS,5,56318.49999999997,6318.499999999971,1542.5,4736.0
18,2025-12-09,2025-12-15,FAIL,4,49666.5,-333.5,3299.5,2966.0
19,2025-12-16,2025-12-16,PASS,1,53262.5,3262.5,559.0,3262.5
20,2025-12-17,2025-12-22,PASS,4,53274.00000000006,3274.000000000058,0.0,1221.5
21,2025-12-23,2025-12-26,PASS,2,53230.499999999985,3230.4999999999854,569.5,2002.9999999999854
22,2025-12-29,2026-01-02,PASS,4,57766.000000000015,7766.000000000015,684.0,6871.0
23,2026-01-05,2026-01-08,FAIL,4,47822.499999999985,-2177.5000000000146,2177.5000000000146,470.5
24,2026-01-09,2026-01-09,PASS,1,56290.5,6290.5,0.0,6290.5
25,2026-01-12,2026-01-14,PASS,3,55387.500000000015,5387.500000000015,808.5,5221.0
26,2026-01-15,2026-01-20,FAIL,4,47995.0,-2005.0,2005.0,-18.0
27,2026-01-21,2026-01-23,PASS,3,54073.00000000003,4073.000000000029,1928.0,2640.000000000029
28,2026-01-26,2026-01-30,PASS,5,55055.000000000015,5055.000000000015,928.5,4492.0
29,2026-02-02,2026-02-09,PASS,5,57565.000000000015,7565.000000000015,514.0,6937.0
30,2026-02-10,2026-02-10,PASS,1,53074.49999999997,3074.499999999971,0.0,3074.499999999971
31,2026-02-11,2026-02-17,FAIL,4,47797.500000000015,-2202.4999999999854,2202.4999999999854,659.5000000000146
32,2026-02-18,2026-02-20,FAIL,3,48817.5,-1182.5,2354.5,1936.0
33,2026-02-23,2026-02-23,PASS,1,55395.5,5395.5,0.0,5395.5
34,2026-02-24,2026-02-26,FAIL,3,47857.00000000003,-2142.999999999971,2142.999999999971,-450.4999999999709
35,2026-02-27,2026-03-02,PASS,2,54054.500000000044,4054.5000000000437,0.0,2589.000000000043
36,2026-03-03,2026-03-03,FAIL,1,47747.5,-2252.5,2252.5,0.0
37,2026-03-04,2026-03-05,PASS,2,54782.5,4782.5,559.5,4051.5
38,2026-03-06,2026-03-06,PASS,1,57486.50000000003,7486.500000000029,0.0,7486.500000000029
39,2026-03-09,2026-03-09,PASS,1,55415.5,5415.5,0.0,5415.5
40,2026-03-10,2026-03-10,PASS,1,55122.0,5122.0,0.0,5122.0
41,2026-03-11,2026-03-16,FAIL,4,48024.0,-1976.0,2003.0,27.0
42,2026-03-17,2026-03-19,PASS,3,54697.00000000003,4697.000000000029,509.5,3462.0
43,2026-03-20,2026-03-25,PASS,4,53438.99999999997,3438.999999999971,1561.5,3201.5
44,2026-03-26,2026-03-31,FAIL,4,47761.499999999985,-2238.5000000000146,2238.5000000000146,-504.0
45,2026-04-01,2026-04-06,PASS,3,53071.49999999997,3071.499999999971,599.0,2072.999999999971
46,2026-04-07,2026-04-08,FAIL,2,48139.5,-1860.5,2103.0,242.5
47,2026-04-09,2026-04-17,PASS,7,53013.000000000015,3013.0000000000146,2193.9999999999854,2847.0
48,2026-04-20,2026-04-22,PASS,3,53708.500000000015,3708.5000000000146,1314.0,3280.5
49,2026-04-23,2026-05-01,FAIL,6,49584.500000000015,-415.49999999998545,3172.0,2516.5
50,2026-05-04,2026-05-07,FAIL,4,48741.0,-1259.0,2002.0,411.5
51,2026-05-11,2026-05-15,FAIL,5,48471.999999999985,-1528.0000000000146,2007.0,606.5
52,2026-05-18,2026-05-29,PASS,9,54671.499999999985,4671.499999999985,1998.0,2241.5000000000146
53,2026-06-01,2026-06-01,PASS,1,56707.999999999985,6707.999999999985,0.0,6707.999999999985
54,2026-06-02,2026-06-04,PASS,3,58489.49999999993,8489.499999999927,1048.0,8452.99999999997
55,2026-06-05,2026-06-08,PASS,2,53348.0,3348.0,1023.5,4371.5
56,2026-06-09,2026-06-10,FAIL,2,47012.0,-2988.0,2988.0,-234.5
57,2026-06-12,2026-06-12,PASS,1,57276.5,7276.5,904.5,7276.5
58,2026-06-16,2026-06-16,PASS,1,58020.5,8020.5,0.0,8020.5
59,2026-06-17,2026-06-18,PASS,2,58077.500000000015,8077.500000000015,219.5,6705.000000000015
60,2026-06-19,2026-06-22,FAIL,2,47262.0,-2738.0,2738.0,-148.5
61,2026-06-23,2026-06-24,FAIL,2,47527.0,-2473.0,2473.0,-1073.5
62,2026-06-25,2026-06-25,FAIL,1,47640.5,-2359.5,2359.5,0.0
63,2026-06-26,2026-06-26,PASS,1,61127.0,11127.0,0.0,11127.0
64,2026-06-29,2026-07-06,FAIL,5,49504.0,-496.0,2427.5,2151.0
65,2026-07-07,2026-07-13,PASS,5,55328.99999999997,5328.999999999971,1889.5000000000146,4591.0
66,2026-07-14,2026-07-15,FAIL,2,47727.5,-2272.5,2272.5,-999.0
67,2026-07-16,2026-07-17,PASS,2,60396.499999999956,10396.499999999956,713.5,10655.499999999956
68,2026-07-20,2026-07-24,FAIL,4,49498.5,-501.5,2222.0,1368.5
69,2026-07-27,2026-07-28,PASS,2,55241.5,5241.5,1129.0,6136.0
70,2026-07-29,2026-08-05,FAIL,6,47857.49999999997,-2142.500000000029,2142.500000000029,740.5
71,2026-08-06,2026-08-06,PASS,1,53419.50000000003,3419.500000000029,0.0,3419.500000000029
72,2026-08-07,2026-08-11,PASS,3,56736.0,6736.0,854.5,4711.5
73,2026-08-12,2026-08-19,PASS,5,60152.500000000044,10152.500000000044,344.5,8681.000000000015
74,2026-08-20,2026-08-31,PASS,8,55301.99999999997,5301.999999999971,2090.5000000000146,3053.999999999971
75,2026-09-01,2026-09-02,FAIL,2,47873.0,-2127.0,2127.0,-1308.5
76,2026-09-03,2026-09-09,FAIL,5,48599.50000000003,-1400.499999999971,2398.5,651.0
77,2026-09-10,2026-09-10,IN_PROGRESS,1,49155.5,-844.5,844.5,-844.5
