entry_date,daily_pnl
2025-09-11,35.800000000014506
2025-09-12,2527.7
2025-09-15,476.79999999999995
2025-09-16,-32.2000000000146
2025-09-17,1653.6
2025-09-18,354.6999999999709
2025-09-19,-451.40000000000003
2025-09-22,-329.1
2025-09-23,1015.9
2025-09-25,7514.5
2025-09-26,-1795.5
2025-09-29,3054.699999999971
2025-09-30,179.50000000000003
2025-10-01,-413.2
2025-10-02,-1831.3999999999999
2025-10-03,-1292.3000000000002
2025-10-06,-802.3000000000001
2025-10-08,-279.1
2025-10-09,-244.1
2025-10-10,-1768.1999999999998
2025-10-13,1983.4000000000292
2025-10-14,-177.30000000000007
2025-10-15,2376.8
2025-10-16,-1621.4
2025-10-17,-344.1
2025-10-20,590.9
2025-10-21,-1272.3
2025-10-22,9172.699999999999
2025-10-23,-823.2
2025-10-24,-872.3000000000001
2025-10-27,-478.20000000000005
2025-10-28,-683.2
2025-10-29,-2.30000000000004
2025-10-30,-2284.6000000000004
2025-10-31,2982.7000000000003
2025-11-03,-389.1
2025-11-04,-171.4000000000001
2025-11-05,-542.3
2025-11-06,1423.6999999999855
2025-11-07,-364.1
2025-11-10,-509.1
2025-11-11,950.700000000029
2025-11-12,1537.4000000000437
2025-11-13,776.8000000000001
2025-11-14,10205.9
2025-11-17,415.4000000000001
2025-11-18,1863.799999999971
2025-11-19,723.5999999999999
2025-11-20,1212.7
2025-11-21,1305.4
2025-11-24,350.8000000000145
2025-11-25,-503.20000000000005
2025-11-26,-409.1
2025-11-27,205.9
2025-11-28,1415.9
2025-12-01,5275.70000000003
2025-12-02,-429.4000000000292
2025-12-03,3120.9
2025-12-04,-792.3000000000001
2025-12-05,-92.30000000000007
2025-12-08,4776.8
2025-12-09,3006.8
2025-12-10,-1841.4
2025-12-11,-670.5000000000001
2025-12-15,-322.30000000000007
2025-12-16,3364.5
2025-12-17,463.9000000000291
2025-12-18,1230.9
2025-12-19,418.9000000000291
2025-12-22,1282.7
2025-12-23,1329.5000000000002
2025-12-26,2084.5999999999854
2025-12-29,150.70000000002906
2025-12-30,631.3999999999853
2025-12-31,357.69999999999993
2026-01-02,6911.799999999999
2026-01-05,-915.5000000000001
2026-01-06,-369.50000000001455
2026-01-07,490.9
2026-01-08,2037.399999999971
2026-01-09,6310.9
2026-01-12,-174.1
2026-01-13,442.60000000001446
2026-01-14,5261.799999999999
2026-01-15,-1182.3000000000002
2026-01-16,63.59999999999994
2026-01-19,-508.20000000000005
2026-01-20,-1123.2
2026-01-21,-1007.3000000000001
2026-01-22,2721.6000000000295
2026-01-23,2562.7000000000003
2026-01-26,499.90000000001453
2026-01-27,-867.3000000000001
2026-01-28,1676.8000000000002
2026-01-29,-583.2
2026-01-30,4573.6
2026-02-02,796.8000000000001
2026-02-03,102.69999999999999
2026-02-05,-473.20000000000005
2026-02-06,364.90000000001453
2026-02-09,7018.599999999999
2026-02-10,3176.499999999971
2026-02-11,-533.2
2026-02-13,-833.2
2026-02-16,679.9000000000145
2026-02-17,4418.599999999999
2026-02-18,-723.2
2026-02-19,1976.8000000000002
2026-02-20,-2334.1
2026-02-23,5415.9
2026-02-24,-389.29999999997096
2026-02-25,-1261.4
2026-02-26,4133.699999999985
2026-02-27,2670.6000000000436
2026-03-02,1485.9
2026-03-03,-2150.5
2026-03-04,771.8000000000001
2026-03-05,4112.700000000001
2026-03-06,7629.300000000029
2026-03-09,5435.9
2026-03-10,5203.599999999999
2026-03-11,108.60000000000014
2026-03-12,-1413.2
2026-03-13,-229.1
2026-03-16,-916.4000000000001
2026-03-17,1515.7000000000294
2026-03-18,-199.1
2026-03-19,3543.6000000000004
2026-03-20,-347.30000000000007
2026-03-23,-797.3
2026-03-24,3262.7000000000003
2026-03-25,1606.499999999971
2026-03-26,-447.29999999999995
2026-03-27,-463.2
2026-03-30,-794.5000000000147
2026-03-31,-309.1
2026-04-01,202.69999999999993
2026-04-02,2113.799999999971
2026-04-06,938.6
2026-04-07,344.5000000000001
2026-04-08,-2419.6
2026-04-09,-683.2
2026-04-10,182.69999999999993
2026-04-13,561.8
2026-04-14,-214.1
2026-04-15,2928.6
2026-04-16,93.50000000001455
2026-04-17,510.9
2026-04-20,824.5
2026-04-21,-233.2999999999854
2026-04-22,3300.9
2026-04-23,1394.5
2026-04-24,-1017.3000000000001
2026-04-28,2577.7000000000003
2026-04-29,107.60000000001457
2026-04-30,-2640.5
2026-05-01,342.7999999999854
2026-05-04,392.69999999999993
2026-05-05,472.69999999999993
2026-05-06,-1272.3000000000002
2026-05-07,10.400000000000091
2026-05-11,-66.30000000001462
2026-05-12,667.7
2026-05-13,-863.2
2026-05-14,117.69999999999993
2026-05-15,1573.6000000000001
2026-05-18,-892.3000000000001
2026-05-20,-371.20000000002904
2026-05-21,2343.500000000015
2026-05-22,2086.8
2026-05-25,-812.3000000000001
2026-05-26,924.5
2026-05-27,-499.1
2026-05-28,161.79999999999995
2026-05-29,2362.2000000000003
2026-06-01,6789.599999999986
2026-06-02,-568.2
2026-06-03,747.4999999999563
2026-06-04,8493.79999999997
2026-06-05,-962.3000000000001
2026-06-08,4432.700000000001
2026-06-09,-214.1
2026-06-10,-3220.4999999999995
2026-06-12,7337.699999999999
2026-06-16,8040.9
2026-06-17,1474.5000000000002
2026-06-18,6745.800000000014
2026-06-19,-87.30000000000007
2026-06-22,3452.7
2026-06-23,-1012.3000000000001
2026-06-24,-2997.2999999999997
2026-06-25,4298.599999999999
2026-06-26,11208.6
2026-06-29,-199.1
2026-07-01,2191.8
2026-07-02,-1243.2
2026-07-03,65.9
2026-07-06,1312.7
2026-07-07,-1445.5
2026-07-08,263.6999999999854
2026-07-09,1101.8000000000002
2026-07-10,1062.7999999999854
2026-07-13,4631.799999999999
2026-07-14,-958.2
2026-07-15,-1212.3000000000002
2026-07-16,-218.2
2026-07-17,10757.499999999956
2026-07-20,1511.3000000000002
2026-07-21,-308.20000000000005
2026-07-22,741.8
2026-07-24,-2099.6000000000004
2026-07-27,-874.1
2026-07-28,6176.799999999999
2026-07-29,-805.300000000029
2026-07-30,696.8000000000001
2026-07-31,-1688.2
2026-08-03,760.9
2026-08-04,-578.2
2026-08-05,-304.1
2026-08-06,3480.7000000000294
2026-08-07,1873.6000000000001
2026-08-10,334.49999999999994
2026-08-11,4772.700000000001
2026-08-12,-309.1
2026-08-13,1130.9
2026-08-17,-324.1
2026-08-18,1116.600000000029
2026-08-19,8762.600000000015
2026-08-20,2326.6000000000295
2026-08-21,-922.3000000000001
2026-08-24,843.5000000000147
2026-08-25,-312.30000000000007
2026-08-26,-973.5000000000292
2026-08-27,2037.7999999999856
2026-08-28,-221.4000000000001
2026-08-31,3135.599999999971
2026-09-01,-1247.3
2026-09-02,-1451.4
2026-09-03,691.8
2026-09-04,-141.59999999997103
2026-09-07,651.8
2026-09-08,-1773.1999999999998
2026-09-09,3538.400000000029
2026-09-10,-824.1
