entry_time,exit_time,type,direction,entry_price,exit_price,pnl_pts,pnl_usd,exit_reason,cum_pnl,equity,peak_equity,drawdown_usd,drawdown_pct,entry_date
2025-09-16 10:00:00-04:00,2025-09-16 10:05:00-04:00,SHORT_PRIOR_LVN,SHORT,24536.5,24553.5,-17.0,-344.5,STOP_LOSS,-344.5,99655.5,99655.5,0.0,0.0,2025-09-16
2025-09-16 13:35:00-04:00,2025-09-16 13:55:00-04:00,SHORT_PRIOR_LVN,SHORT,24532.25,24532.25,0.0,-4.5,BREAKEVEN_STOP,-349.0,99651.0,99655.5,4.5,0.004515556090732574,2025-09-16
2025-10-01 10:00:00-04:00,2025-10-01 10:05:00-04:00,LONG_PRIOR_LVN,LONG,24822.75,24801.75,-21.0,-424.5,STOP_LOSS,-773.5,99226.5,99655.5,429.0,0.430483013983172,2025-10-01
2025-10-02 10:55:00-04:00,2025-10-02 11:05:00-04:00,SHORT_PRIOR_VAH,SHORT,25021.25,25021.25,0.0,-4.5,BREAKEVEN_STOP,-778.0,99222.0,99655.5,433.5,0.43499857007390463,2025-10-02
2025-10-03 10:15:00-04:00,2025-10-03 10:25:00-04:00,SHORT_PRIOR_VAH,SHORT,25074.0,25095.0,-21.0,-424.5,STOP_LOSS,-1202.5,98797.5,99655.5,858.0,0.860966027966344,2025-10-03
2025-10-13 13:35:00-04:00,2025-10-13 13:40:00-04:00,LONG_PRIOR_LVN,LONG,24898.75,24888.25,-10.5,-214.5,STOP_LOSS,-1417.0,98583.0,99655.5,1072.5,1.07620753495793,2025-10-13
2025-10-17 14:00:00-04:00,2025-10-17 14:25:00-04:00,LONG_PRIOR_LVN,LONG,24944.0,25002.25,58.25,1160.5,BREAKEVEN_STOP,-256.5,99743.5,99743.5,0.0,0.0,2025-10-17
2025-10-21 13:45:00-04:00,2025-10-21 14:40:00-04:00,LONG_PRIOR_LVN,LONG,25300.5,25306.0,5.5,105.5,BREAKEVEN_STOP,-151.0,99849.0,99849.0,0.0,0.0,2025-10-21
2025-10-29 10:50:00-04:00,2025-10-29 11:10:00-04:00,LONG_ETH_VAL,LONG,26272.75,26251.75,-21.0,-424.5,STOP_LOSS,-575.5,99424.5,99849.0,424.5,0.42514196436619295,2025-10-29
2025-10-29 14:00:00-04:00,2025-10-29 14:10:00-04:00,SHORT_ETH_VAH,SHORT,26239.25,26239.25,0.0,-4.5,BREAKEVEN_STOP,-580.0,99420.0,99849.0,429.0,0.42964876964215964,2025-10-29
2025-11-12 13:40:00-05:00,2025-11-12 13:50:00-05:00,SHORT_PRIOR_VAH,SHORT,25609.5,25609.5,0.0,-4.5,BREAKEVEN_STOP,-584.5,99415.5,99849.0,433.5,0.43415557491812634,2025-11-12
2025-11-12 14:20:00-05:00,2025-11-12 14:35:00-05:00,SHORT_PRIOR_LVN,SHORT,25586.0,25586.0,0.0,-4.5,BREAKEVEN_STOP,-589.0,99411.0,99849.0,438.0,0.43866238019409304,2025-11-12
2025-11-21 10:05:00-05:00,2025-11-21 10:10:00-05:00,LONG_PRIOR_LVN,LONG,24160.0,24139.0,-21.0,-424.5,STOP_LOSS,-1013.5,98986.5,99849.0,862.5,0.863804344560286,2025-11-21
2025-12-01 10:05:00-05:00,2025-12-01 10:15:00-05:00,LONG_PRIOR_LVN,LONG,25364.0,25364.0,0.0,-4.5,BREAKEVEN_STOP,-1018.0,98982.0,99849.0,867.0,0.8683111498362527,2025-12-01
2025-12-03 10:20:00-05:00,2025-12-03 10:25:00-05:00,LONG_PRIOR_LVN,LONG,25547.75,25526.75,-21.0,-424.5,STOP_LOSS,-1442.5,98557.5,99849.0,1291.5,1.2934531142024457,2025-12-03
2025-12-05 13:35:00-05:00,2025-12-05 14:10:00-05:00,SHORT_ETH_VAH,SHORT,25751.25,25733.25,18.0,355.5,BREAKEVEN_STOP,-1087.0,98913.0,99849.0,936.0,0.9374154974010757,2025-12-05
2025-12-08 10:05:00-05:00,2025-12-08 10:20:00-05:00,SHORT_PRIOR_LVN,SHORT,25755.25,25720.25,35.0,695.5,TAKE_PROFIT,-391.5,99608.5,99849.0,240.5,0.24086370419333192,2025-12-08
2025-12-10 14:00:00-05:00,2025-12-10 14:05:00-05:00,LONG_PRIOR_LVN,LONG,25654.0,25699.5,45.5,905.5,TAKE_PROFIT,514.0,100514.0,100514.0,0.0,0.0,2025-12-10
2025-12-10 14:15:00-05:00,2025-12-10 14:20:00-05:00,LONG_PRIOR_LVN,LONG,25710.5,25689.5,-21.0,-424.5,STOP_LOSS,89.5,100089.5,100514.0,424.5,0.42232922776926596,2025-12-10
2025-12-15 10:10:00-05:00,2025-12-15 10:30:00-05:00,SHORT_PRIOR_LVN,SHORT,25427.0,25347.75,79.25,1580.5,BREAKEVEN_STOP,1670.0,101670.0,101670.0,0.0,0.0,2025-12-15
2025-12-16 13:45:00-05:00,2025-12-16 13:50:00-05:00,LONG_PRIOR_LVN,LONG,25333.5,25312.5,-21.0,-424.5,STOP_LOSS,1245.5,101245.5,101670.0,424.5,0.41752729418707585,2025-12-16
2025-12-16 14:50:00-05:00,2025-12-16 15:00:00-05:00,LONG_PRIOR_LVN,LONG,25331.0,25310.0,-21.0,-424.5,STOP_LOSS,821.0,100821.0,101670.0,849.0,0.8350545883741517,2025-12-16
2025-12-18 14:40:00-05:00,2025-12-18 14:45:00-05:00,SHORT_PRIOR_LVN,SHORT,25240.75,25261.75,-21.0,-424.5,STOP_LOSS,396.5,100396.5,101670.0,1273.5,1.2525818825612276,2025-12-18
2025-12-26 10:40:00-05:00,2025-12-26 10:45:00-05:00,SHORT_PRIOR_LVN,SHORT,25881.5,25894.5,-13.0,-264.5,STOP_LOSS,132.0,100132.0,101670.0,1538.0,1.5127372873020557,2025-12-26
2026-01-05 13:45:00-05:00,2026-01-05 14:45:00-05:00,SHORT_PRIOR_LVN,SHORT,25617.25,25575.5,41.75,830.5,BREAKEVEN_STOP,962.5,100962.5,101670.0,707.5,0.6958788236451263,2026-01-05
2026-01-21 13:35:00-05:00,2026-01-21 13:45:00-05:00,SHORT_PRIOR_LVN,SHORT,25232.75,25232.75,0.0,-4.5,BREAKEVEN_STOP,958.0,100958.0,101670.0,712.0,0.7003049080358021,2026-01-21
2026-01-22 10:05:00-05:00,2026-01-22 10:10:00-05:00,SHORT_PRIOR_LVN,SHORT,25547.75,25568.75,-21.0,-424.5,STOP_LOSS,533.5,100533.5,101670.0,1136.5,1.117832202222878,2026-01-22
2026-02-11 13:50:00-05:00,2026-02-11 14:00:00-05:00,LONG_PRIOR_LVN,LONG,25304.25,25283.25,-21.0,-424.5,STOP_LOSS,109.0,100109.0,101670.0,1561.0,1.5353594964099537,2026-02-11
2026-02-19 10:30:00-05:00,2026-02-19 10:35:00-05:00,LONG_PRIOR_LVN,LONG,24938.75,24917.75,-21.0,-424.5,STOP_LOSS,-315.5,99684.5,101670.0,1985.5,1.9528867905970297,2026-02-19
2026-03-02 10:00:00-05:00,2026-03-02 10:15:00-05:00,LONG_PRIOR_LVN,LONG,24889.0,24897.0,8.0,155.5,BREAKEVEN_STOP,-160.0,99840.0,101670.0,1830.0,1.7999409855414576,2026-03-02
2026-03-03 13:35:00-05:00,2026-03-03 13:45:00-05:00,LONG_PRIOR_LVN,LONG,24807.0,24807.0,0.0,-4.5,BREAKEVEN_STOP,-164.5,99835.5,101670.0,1834.5,1.8043670699321335,2026-03-03
2026-03-06 14:25:00-05:00,2026-03-06 14:35:00-05:00,LONG_PRIOR_LVN,LONG,24820.5,24799.5,-21.0,-424.5,STOP_LOSS,-589.0,99411.0,101670.0,2259.0,2.2218943641192093,2026-03-06
2026-03-09 15:00:00-04:00,2026-03-09 15:20:00-04:00,LONG_PRIOR_LVN,LONG,24657.5,24821.5,164.0,3275.5,TAKE_PROFIT,2686.5,102686.5,102686.5,0.0,0.0,2026-03-09
2026-03-25 14:30:00-04:00,2026-03-25 14:35:00-04:00,LONG_ETH_VAL,LONG,24418.5,24400.5,-18.0,-364.5,STOP_LOSS,2322.0,102322.0,102686.5,364.5,0.35496389496184994,2026-03-25
2026-04-02 10:55:00-04:00,2026-04-02 11:00:00-04:00,LONG_PRIOR_LVN,LONG,24175.5,24154.5,-21.0,-424.5,STOP_LOSS,1897.5,101897.5,102686.5,789.0,0.768358060699313,2026-04-02
2026-04-02 13:50:00-04:00,2026-04-02 14:15:00-04:00,LONG_PRIOR_LVN,LONG,24094.5,24117.5,23.0,455.5,BREAKEVEN_STOP,2353.0,102353.0,102686.5,333.5,0.3247749217277831,2026-04-02
2026-04-07 13:50:00-04:00,2026-04-07 13:55:00-04:00,LONG_PRIOR_LVN,LONG,24241.25,24222.5,-18.75,-379.5,STOP_LOSS,1973.5,101973.5,102686.5,713.0,0.6943463843835364,2026-04-07
2026-04-09 10:10:00-04:00,2026-04-09 10:15:00-04:00,SHORT_ETH_VAH,SHORT,25011.5,24976.5,35.0,695.5,TAKE_PROFIT,2669.0,102669.0,102686.5,17.5,0.017042162309553837,2026-04-09
2026-04-10 14:00:00-04:00,2026-04-10 14:15:00-04:00,SHORT_PRIOR_VAH,SHORT,25250.5,25271.5,-21.0,-424.5,STOP_LOSS,2244.5,102244.5,102686.5,442.0,0.4304363280470169,2026-04-10
2026-04-16 14:10:00-04:00,2026-04-16 14:20:00-04:00,LONG_ETH_VAL,LONG,26419.25,26398.25,-21.0,-424.5,STOP_LOSS,1820.0,101820.0,102686.5,866.5,0.8438304937844799,2026-04-16
2026-04-16 14:45:00-04:00,2026-04-16 15:00:00-04:00,SHORT_ETH_VAH,SHORT,26435.25,26456.25,-21.0,-424.5,STOP_LOSS,1395.5,101395.5,102686.5,1291.0,1.257224659521943,2026-04-16
2026-04-21 10:00:00-04:00,2026-04-21 10:05:00-04:00,SHORT_ETH_VAH,SHORT,26826.25,26847.25,-21.0,-424.5,STOP_LOSS,971.0,100971.0,102686.5,1715.5,1.670618825259406,2026-04-21
2026-04-27 14:55:00-04:00,2026-04-27 15:15:00-04:00,LONG_ETH_VAL,LONG,27399.75,27419.0,19.25,380.5,TAKE_PROFIT,1351.5,101351.5,102686.5,1335.0,1.3000735247573927,2026-04-27
2026-04-29 13:50:00-04:00,2026-04-29 14:00:00-04:00,SHORT_PRIOR_LVN,SHORT,27233.25,27254.25,-21.0,-424.5,STOP_LOSS,927.0,100927.0,102686.5,1759.5,1.7134676904948558,2026-04-29
2026-05-07 14:45:00-04:00,2026-05-07 14:50:00-04:00,SHORT_PRIOR_LVN,SHORT,28599.0,28620.0,-21.0,-424.5,STOP_LOSS,502.5,100502.5,102686.5,2184.0,2.1268618562323187,2026-05-07
2026-05-11 10:30:00-04:00,2026-05-11 10:35:00-04:00,LONG_PRIOR_LVN,LONG,29315.75,29350.75,35.0,695.5,TAKE_PROFIT,1198.0,101198.0,102686.5,1488.5,1.4495576341583363,2026-05-11
2026-05-13 10:25:00-04:00,2026-05-13 10:30:00-04:00,SHORT_PRIOR_LVN,SHORT,29236.75,29257.75,-21.0,-424.5,STOP_LOSS,773.5,100773.5,102686.5,1913.0,1.8629517998957994,2026-05-13
2026-05-13 10:35:00-04:00,2026-05-13 10:40:00-04:00,SHORT_PRIOR_LVN,SHORT,29239.0,29260.0,-21.0,-424.5,STOP_LOSS,349.0,100349.0,102686.5,2337.5,2.2763459656332623,2026-05-13
2026-05-25 10:15:00-04:00,2026-05-25 10:20:00-04:00,LONG_ETH_VAL,LONG,29954.0,29943.25,-10.75,-219.5,STOP_LOSS,129.5,100129.5,102686.5,2557.0,2.4901033728873805,2026-05-25
2026-05-29 13:45:00-04:00,2026-05-29 13:50:00-04:00,SHORT_ETH_VAH,SHORT,30345.75,30359.25,-13.5,-274.5,STOP_LOSS,-145.0,99855.0,102686.5,2831.5,2.7574218616858106,2026-05-29
2026-05-29 14:50:00-04:00,2026-05-29 15:00:00-04:00,SHORT_ETH_VAH,SHORT,30342.5,30342.5,0.0,-4.5,BREAKEVEN_STOP,-149.5,99850.5,102686.5,2836.0,2.7618041319939817,2026-05-29
2026-06-03 10:15:00-04:00,2026-06-03 10:20:00-04:00,SHORT_PRIOR_LVN,SHORT,30677.0,30698.0,-21.0,-424.5,STOP_LOSS,-574.0,99426.0,102686.5,3260.5,3.175198297731445,2026-06-03
2026-06-04 10:30:00-04:00,2026-06-04 10:35:00-04:00,SHORT_ETH_VAH,SHORT,30326.25,30291.25,35.0,695.5,TAKE_PROFIT,121.5,100121.5,102686.5,2565.0,2.4978940756574626,2026-06-04
2026-06-04 13:45:00-04:00,2026-06-04 14:15:00-04:00,LONG_PRIOR_LVN,LONG,30544.0,30575.75,31.75,630.5,BREAKEVEN_STOP,752.0,100752.0,102686.5,1934.5,1.883889313590394,2026-06-04
2026-06-08 10:00:00-04:00,2026-06-08 10:05:00-04:00,LONG_PRIOR_LVN,LONG,29362.75,29429.5,66.75,1330.5,TAKE_PROFIT,2082.5,102082.5,102686.5,604.0,0.5881980591411724,2026-06-08
2026-06-26 10:10:00-04:00,2026-06-26 10:15:00-04:00,LONG_PRIOR_LVN,LONG,29590.0,29569.0,-21.0,-424.5,STOP_LOSS,1658.0,101658.0,102686.5,1028.5,1.0015922248786355,2026-06-26
2026-06-26 10:40:00-04:00,2026-06-26 10:50:00-04:00,LONG_PRIOR_LVN,LONG,29494.0,29494.0,0.0,-4.5,BREAKEVEN_STOP,1653.5,101653.5,102686.5,1033.0,1.0059744951868064,2026-06-26
2026-07-01 10:15:00-04:00,2026-07-01 10:20:00-04:00,LONG_PRIOR_LVN,LONG,30303.0,30282.0,-21.0,-424.5,STOP_LOSS,1229.0,101229.0,102686.5,1457.5,1.4193686609242695,2026-07-01
2026-07-08 10:15:00-04:00,2026-07-08 10:25:00-04:00,LONG_PRIOR_LVN,LONG,29286.25,29286.25,0.0,-4.5,BREAKEVEN_STOP,1224.5,101224.5,102686.5,1462.0,1.4237509312324406,2026-07-08
2026-07-10 10:35:00-04:00,2026-07-10 10:40:00-04:00,LONG_PRIOR_VAL,LONG,29881.75,29860.75,-21.0,-424.5,STOP_LOSS,800.0,100800.0,102686.5,1886.5,1.8371450969699035,2026-07-10
2026-07-20 10:30:00-04:00,2026-07-20 10:35:00-04:00,SHORT_PRIOR_LVN,SHORT,29001.75,29022.75,-21.0,-424.5,STOP_LOSS,375.5,100375.5,102686.5,2311.0,2.250539262707367,2026-07-20
2026-07-20 10:50:00-04:00,2026-07-20 11:00:00-04:00,SHORT_PRIOR_VAH,SHORT,28912.0,28912.0,0.0,-4.5,BREAKEVEN_STOP,371.0,100371.0,102686.5,2315.5,2.2549215330155374,2026-07-20
2026-07-22 10:45:00-04:00,2026-07-22 10:50:00-04:00,LONG_PRIOR_LVN,LONG,29225.0,29204.0,-21.0,-424.5,STOP_LOSS,-53.5,99946.5,102686.5,2740.0,2.6683156987530006,2026-07-22
2026-07-22 15:00:00-04:00,2026-07-22 15:10:00-04:00,LONG_PRIOR_LVN,LONG,29249.5,29229.75,-19.75,-399.5,STOP_LOSS,-453.0,99547.0,102686.5,3139.5,3.0573639183339583,2026-07-22
2026-07-24 13:45:00-04:00,2026-07-24 14:00:00-04:00,LONG_PRIOR_LVN,LONG,28484.25,28463.25,-21.0,-424.5,STOP_LOSS,-877.5,99122.5,102686.5,3564.0,3.4707580840714214,2026-07-24
2026-07-28 14:15:00-04:00,2026-07-28 14:35:00-04:00,LONG_ETH_VAL,LONG,27929.75,27929.75,0.0,-4.5,BREAKEVEN_STOP,-882.0,99118.0,102686.5,3568.5,3.4751403543795925,2026-07-28
2026-07-28 14:55:00-04:00,2026-07-28 15:10:00-04:00,LONG_PRIOR_LVN,LONG,27973.25,27973.25,0.0,-4.5,BREAKEVEN_STOP,-886.5,99113.5,102686.5,3573.0,3.4795226246877635,2026-07-28
2026-07-31 10:40:00-04:00,2026-07-31 10:45:00-04:00,SHORT_PRIOR_LVN,SHORT,28268.25,28289.25,-21.0,-424.5,STOP_LOSS,-1311.0,98689.0,102686.5,3997.5,3.892916790425226,2026-07-31
2026-08-07 10:20:00-04:00,2026-08-07 10:25:00-04:00,SHORT_ETH_VAH,SHORT,29702.25,29723.25,-21.0,-424.5,STOP_LOSS,-1735.5,98264.5,102686.5,4422.0,4.306310956162689,2026-08-07
2026-08-17 10:35:00-04:00,2026-08-17 10:40:00-04:00,SHORT_PRIOR_LVN,SHORT,30193.75,30213.5,-19.75,-399.5,STOP_LOSS,-2135.0,97865.0,102686.5,4821.5,4.695359175743647,2026-08-17
2026-08-17 13:30:00-04:00,2026-08-17 13:35:00-04:00,SHORT_PRIOR_LVN,SHORT,30093.75,30114.75,-21.0,-424.5,STOP_LOSS,-2559.5,97440.5,102686.5,5246.0,5.10875334148111,2026-08-17
2026-08-31 14:20:00-04:00,2026-08-31 14:25:00-04:00,LONG_PRIOR_VAL,LONG,29455.0,29440.0,-15.0,-304.5,STOP_LOSS,-2864.0,97136.0,102686.5,5550.5,5.405286965667347,2026-08-31
2026-09-02 10:00:00-04:00,2026-09-02 10:10:00-04:00,LONG_PRIOR_LVN,LONG,29082.75,29119.5,36.75,730.5,TAKE_PROFIT,-2133.5,97866.5,102686.5,4820.0,4.693898418974256,2026-09-02
2026-09-08 13:50:00-04:00,2026-09-08 14:00:00-04:00,LONG_PRIOR_VAL,LONG,29609.0,29588.0,-21.0,-424.5,STOP_LOSS,-2558.0,97442.0,102686.5,5244.5,5.107292584711719,2026-09-08
2026-09-09 10:25:00-04:00,2026-09-09 10:30:00-04:00,LONG_PRIOR_LVN,LONG,29536.0,29515.0,-21.0,-424.5,STOP_LOSS,-2982.5,97017.5,102686.5,5669.0,5.520686750449183,2026-09-09
